Size,Time,Speedup,Effiency
10,0.000002,1.000000,1.000000
100,0.000061,1.000000,1.000000
