Size,Time,Speedup,Efficiency
10,0.000003,1.000000,1.000000
5,0.000002,1.000000,1.000000
